{"cameraMode":{"drawMode":0,"name":"Shaded","section":"Shading Mode"},"sceneLighting":true,"audioPlay":false,"sceneViewState":{"showFog":true,"showMaterialUpdate":true,"showSkybox":true,"showFlares":true,"showImageEffects":true,"showParticleSystems":true},"in2DMode":false,"pivot":{"x":-0.3430256247520447,"y":1.1058967113494874,"z":1.4778112173080445},"rotation":{"x":-0.34743520617485049,"y":0.06798995286226273,"z":-0.02526683732867241,"w":-0.9348945021629334},"size":4.659538745880127,"orthographic":false}