{"cameraMode":{"drawMode":0,"name":"Shaded","section":"Shading Mode"},"sceneLighting":true,"audioPlay":false,"sceneViewState":{"showFog":true,"showMaterialUpdate":true,"showSkybox":true,"showFlares":true,"showImageEffects":true,"showParticleSystems":true},"in2DMode":false,"pivot":{"x":-1.83279287815094,"y":1.2829391956329346,"z":-1.2409956455230713},"rotation":{"x":-0.20356228947639466,"y":-0.6050050854682922,"z":0.16374048590660096,"w":-0.7521438002586365},"size":6.002204418182373,"orthographic":false}